CODIGO_TRFPO,CATEGORIA,GUIA,CODIGO_REAL,TRANSPORTISTA,SUPPLIER,LOCATION,VEHICULO,PAX_DESDE,PAX_HASTA,DESCRIPTION,FLAGS
AEEZ,TRASLADO,CON_GUIA,AEEZ19,Turismo El Puente S.A. (Transportista),1TEP01,BUE,Sprinter 19 pax,5.0,11.0,TR AEP - EZE Sprinter 19 (5/11 pax),
AEEZ,TRASLADO,CON_GUIA,AEEZ24,Turismo El Puente S.A. (Transportista),1TEP01,BUE,Minibus,12.0,15.0,TR AEP - EZE Minibus 24 (12/15 pax),
AEEZ,TRASLADO,CON_GUIA,AEEZ42,Turismo El Puente S.A. (Transportista),1TEP01,BUE,Bus,16.0,41.0,TR AEP - EZE Bus (16/41 pax),
AEHT,TRASLADO,CON_GUIA,AEHT19,Turismo El Puente S.A. (Transportista),1TEP01,BUE,Sprinter 19 pax,5.0,11.0,TR AEP - HT Sprinter 19 (5/11 pax),
AEHT,TRASLADO,CON_GUIA,AEHT24,Turismo El Puente S.A. (Transportista),1TEP01,BUE,Minibus,12.0,15.0,TR AEP - HT Minibus 24 (12/15 pax),
AEHT,TRASLADO,CON_GUIA,AEHT42,Turismo El Puente S.A. (Transportista),1TEP01,BUE,Bus,16.0,41.0,TR AEP - HT Bus (16/41 pax),
AHTE,TRASLADO,CON_GUIA,AHTE19,Turismo El Puente S.A. (Transportista),1TEP01,BUE,Sprinter 19 pax,5.0,11.0,TR AEP/HTL - Terminal (Bus/Ferry)  Sprinter 19 (5/11 pax),
AHTE,TRASLADO,CON_GUIA,AHTE24,Turismo El Puente S.A. (Transportista),1TEP01,BUE,Minibus,12.0,15.0,TR AEP/HTL - Terminal (Bus/Ferry) Minibus (12/15 pax),
AHTE,TRASLADO,CON_GUIA,AHTE42,Turismo El Puente S.A. (Transportista),1TEP01,BUE,Bus,16.0,41.0,TR AEP/HTL - Terminal (Bus/Ferry) Bus (16/41 pax),
CAEC,CRUCEROS_TRASLADO,CON_GUIA,CAEC19,Turismo El Puente S.A. (Transportista),1TEP01,BUE,Sprinter 19 pax,4.0,9.0,TR AEP - Term Cruceros SP19 (4/9 pax),CRUCERO
CAEE,CRUCEROS_TRASLADO,CON_GUIA,CAEE19,Turismo El Puente S.A. (Transportista),1TEP01,BUE,Sprinter 19 pax,4.0,9.0,TR AEP - EZE Sprinter 19 Crucero (4/9 pax),CRUCERO
CAEE,CRUCEROS_TRASLADO,CON_GUIA,CAEE24,Turismo El Puente S.A. (Transportista),1TEP01,BUE,Minibus,10.0,13.0,TR AEP - EZE Minibus 24 Crucero (10/13 pax),CRUCERO
CAEE,CRUCEROS_TRASLADO,CON_GUIA,CAEE42,Turismo El Puente S.A. (Transportista),1TEP01,BUE,Bus,14.0,41.0,TR AEP - EZE Bus Crucero (14/41 pax),CRUCERO
CAEH,CRUCEROS_TRASLADO,CON_GUIA,CAEH19,Turismo El Puente S.A. (Transportista),1TEP01,BUE,Sprinter 19 pax,4.0,9.0,TR AEP - HT Sprinter 19 Crucero (4/9 pax),CRUCERO
CAEH,CRUCEROS_TRASLADO,CON_GUIA,CAEH24,Turismo El Puente S.A. (Transportista),1TEP01,BUE,Minibus,10.0,13.0,TR AEP - HT Minibus 24 Crucero (10/13 pax),CRUCERO
CAEH,CRUCEROS_TRASLADO,CON_GUIA,CAEH42,Turismo El Puente S.A. (Transportista),1TEP01,BUE,Bus,14.0,41.0,TR AEP - HT Bus Crucero (14/41 pax),CRUCERO
CCRA,CRUCEROS_TRASLADO,CON_GUIA,CCRA19,Turismo El Puente S.A. (Transportista),1TEP01,BUE,Sprinter 19 pax,4.0,9.0,TR Term Cruceros - AEP Sprinter 19 (4/9 pax),CRUCERO
CCRA,CRUCEROS_TRASLADO,CON_GUIA,CCRA24,Turismo El Puente S.A. (Transportista),1TEP01,BUE,Minibus,10.0,13.0,TR Term Cruceros - AEP Minibus 24 Crucero (10/13 pax),CRUCERO
CCRA,CRUCEROS_TRASLADO,CON_GUIA,CCRA42,Turismo El Puente S.A. (Transportista),1TEP01,BUE,Bus,14.0,41.0,TR Term Cruceros - AEP Bus (14/41 pax),CRUCERO
CCT4,CRUCEROS_EXCURSION,CON_GUIA,CCT419,Turismo El Puente S.A. (Transportista),1TEP01,BUE,Sprinter 19 pax,7.0,9.0,TR City 4hs Sprinter 19 Crucero (7/9 pax),CRUCERO
CCT4,CRUCEROS_EXCURSION,CON_GUIA,CCT424,Turismo El Puente S.A. (Transportista),1TEP01,BUE,Minibus,10.0,13.0,TR City 4hs Minibus 24 Crucero (10/13 pax),CRUCERO
CCT4,CRUCEROS_EXCURSION,CON_GUIA,CCT442,Turismo El Puente S.A. (Transportista),1TEP01,BUE,Bus,14.0,41.0,TR City 4hs Bus Crucero (14/41 pax),CRUCERO
CCT6,CRUCEROS_EXCURSION,CON_GUIA,CCT619,Turismo El Puente S.A. (Transportista),1TEP01,BUE,Sprinter 19 pax,7.0,9.0,TR City 6hs Sprinter 19 Crucero (7/9 pax),CRUCERO
CCT6,CRUCEROS_EXCURSION,CON_GUIA,CCT624,Turismo El Puente S.A. (Transportista),1TEP01,BUE,Minibus,10.0,13.0,TR City 6hs Minibus 24 Crucero (10/13 pax),CRUCERO
CCT6,CRUCEROS_EXCURSION,CON_GUIA,CCT642,Turismo El Puente S.A. (Transportista),1TEP01,BUE,Bus,14.0,41.0,TR City 6hs Bus Crucero (14/41 pax),CRUCERO
CEZA,CRUCEROS_TRASLADO,CON_GUIA,CEZA19,Turismo El Puente S.A. (Transportista),1TEP01,BUE,Sprinter 19 pax,4.0,9.0,TR EZE - AEP Sprinter 19 Crucero (4/9 pax),CRUCERO
CEZA,CRUCEROS_TRASLADO,CON_GUIA,CEZA24,Turismo El Puente S.A. (Transportista),1TEP01,BUE,Minibus,10.0,13.0,TR EZE - AEP Minibus Crucero (10/13 pax),CRUCERO
CEZA,CRUCEROS_TRASLADO,CON_GUIA,CEZA42,Turismo El Puente S.A. (Transportista),1TEP01,BUE,Bus,14.0,41.0,TR EZE - AEP Bus Crucero (14/41 pax),CRUCERO
CEZH,CRUCEROS_TRASLADO,CON_GUIA,CEZH19,Turismo El Puente S.A. (Transportista),1TEP01,BUE,Sprinter 19 pax,4.0,9.0,TR EZE - HT Sprinter 19 Crucero (4/9 pax),CRUCERO
CEZH,CRUCEROS_TRASLADO,CON_GUIA,CEZH24,Turismo El Puente S.A. (Transportista),1TEP01,BUE,Minibus,10.0,13.0,TR EZE - HT Minibus 24 Crucero (10/13 pax),CRUCERO
CEZH,CRUCEROS_TRASLADO,CON_GUIA,CEZH42,Turismo El Puente S.A. (Transportista),1TEP01,BUE,Bus,14.0,41.0,TR EZE - HT Bus Crucero (14/41 pax),CRUCERO
CHAE,CRUCEROS_TRASLADO,CON_GUIA,CHAE19,Turismo El Puente S.A. (Transportista),1TEP01,BUE,Sprinter 19 pax,4.0,9.0,TR HT - AEP Sprinter 19 Crucero (4/9 pax),CRUCERO
CHAE,CRUCEROS_TRASLADO,CON_GUIA,CHAE24,Turismo El Puente S.A. (Transportista),1TEP01,BUE,Minibus,10.0,13.0,TR HT - AEP Minibus 24 Crucero (10/13 pax),CRUCERO
CHAE,CRUCEROS_TRASLADO,CON_GUIA,CHAE42,Turismo El Puente S.A. (Transportista),1TEP01,BUE,Bus,14.0,41.0,TR HT - AEP Bus Crucero (14/41 pax),CRUCERO
CHEZ,CRUCEROS_TRASLADO,CON_GUIA,CHEZ19,Turismo El Puente S.A. (Transportista),1TEP01,BUE,Sprinter 19 pax,4.0,9.0,TR HT - EZE Sprinter 19 Crucero (4/9 pax),CRUCERO
CHEZ,CRUCEROS_TRASLADO,CON_GUIA,CHEZ24,Turismo El Puente S.A. (Transportista),1TEP01,BUE,Minibus,10.0,13.0,TR HT - EZE Minibus 24 Crucero (10/13 pax),CRUCERO
CHEZ,CRUCEROS_TRASLADO,CON_GUIA,CHEZ42,Turismo El Puente S.A. (Transportista),1TEP01,BUE,Bus,14.0,41.0,TR HT - EZE Bus Crucero (14/41 pax),CRUCERO
CHRD,CRUCEROS_EXCURSION,CON_GUIA,CHRD19,Turismo El Puente S.A. (Transportista),1TEP01,BUE,Sprinter 19 pax,7.0,9.0,TR Hr Dispo (x10 km) Sprinter 19 Crucero (7/9 pax),CRUCERO
CHRD,CRUCEROS_EXCURSION,CON_GUIA,CHRD24,Turismo El Puente S.A. (Transportista),1TEP01,BUE,Minibus,10.0,13.0,TR Hr Dispo (x10 km) Minibus 24 Crucero (10/13 pax),CRUCERO
CHRD,CRUCEROS_EXCURSION,CON_GUIA,CHRD42,Turismo El Puente S.A. (Transportista),1TEP01,BUE,Bus,14.0,41.0,TR Hr Dispo (x10 km) Bus Crucero (14/41 pax),CRUCERO
CREZ,CRUCEROS_TRASLADO,CON_GUIA,CREZ19,Turismo El Puente S.A. (Transportista),1TEP01,BUE,Sprinter 19 pax,4.0,9.0,TR Term Cruceros -  EZE Sprinter 19 (4/9 pax),CRUCERO
CREZ,CRUCEROS_TRASLADO,CON_GUIA,CREZ24,Turismo El Puente S.A. (Transportista),1TEP01,BUE,Minibus,10.0,13.0,TR Term Cruceros - EZE Minibus 24 Crucero (10/13 pax),CRUCERO
CREZ,CRUCEROS_TRASLADO,CON_GUIA,CREZ42,Turismo El Puente S.A. (Transportista),1TEP01,BUE,Bus,14.0,41.0,TR Term Cruceros - EZE Bus (14/41 pax),CRUCERO
CRHT,CRUCEROS_TRASLADO,CON_GUIA,CRHT19,Turismo El Puente S.A. (Transportista),1TEP01,BUE,Sprinter 19 pax,4.0,9.0,TR Term Cruceros - HT Sprinter 19 (4/9 pax),CRUCERO
CRHT,CRUCEROS_TRASLADO,CON_GUIA,CRHT24,Turismo El Puente S.A. (Transportista),1TEP01,BUE,Minibus,10.0,13.0,TR Term Cruceros - HT Minibus 24 (10/13 pax),CRUCERO
CRHT,CRUCEROS_TRASLADO,CON_GUIA,CRHT42,Turismo El Puente S.A. (Transportista),1TEP01,BUE,Bus,14.0,41.0,TR Term Cruceros - HT Bus (14/41 pax),CRUCERO
CT3,EXCURSION,CON_GUIA,CT319,Turismo El Puente S.A. (Transportista),1TEP01,BUE,Sprinter 19 pax,12.0,13.0,TR City 3hs Sprinter 19 (12/13 pax),
CT3,EXCURSION,CON_GUIA,CT324,Turismo El Puente S.A. (Transportista),1TEP01,BUE,Minibus,14.0,19.0,TR City 3hs Minibus 24 (14/19 pax),
CT3,EXCURSION,CON_GUIA,CT342,Turismo El Puente S.A. (Transportista),1TEP01,BUE,Bus,20.0,41.0,TR City 3hs Bus (20/41 pax),
CT4,EXCURSION,CON_GUIA,CT419,Turismo El Puente S.A. (Transportista),1TEP01,BUE,Sprinter 19 pax,12.0,13.0,TR City 4hs Sprinter 19 (12/13 pax),
CT4,EXCURSION,CON_GUIA,CT424,Turismo El Puente S.A. (Transportista),1TEP01,BUE,Minibus,14.0,19.0,TR City 4hs Minibus 24 (14/19 pax),
CT4,EXCURSION,CON_GUIA,CT442,Turismo El Puente S.A. (Transportista),1TEP01,BUE,Bus,20.0,41.0,TR City 4hs Bus (20/41 pax),
CT4,EXCURSION,CON_GUIA,CT4F19,Turismo El Puente S.A. (Transportista),1TEP01,BUE,Sprinter 19 pax,5.0,17.0,TR City 4hs Sprinter 19 Fixed/SIB Euro (5/17 pax),
CT4,EXCURSION,CON_GUIA,CT4F24,Turismo El Puente S.A. (Transportista),1TEP01,BUE,Minibus,12.0,22.0,TR City 4hs Minibus 24 Fixed/SIB Euro (12/22 pax),
CT5,EXCURSION,CON_GUIA,CT519,Turismo El Puente S.A. (Transportista),1TEP01,BUE,Sprinter 19 pax,12.0,13.0,TR City 5hs Sprinter 19 (12/13 pax),
CT5,EXCURSION,CON_GUIA,CT524,Turismo El Puente S.A. (Transportista),1TEP01,BUE,Minibus,14.0,19.0,TR City 5hs Minibus 24 (14/19 pax),
CT5,EXCURSION,CON_GUIA,CT542,Turismo El Puente S.A. (Transportista),1TEP01,BUE,Bus,20.0,41.0,TR City 5hs Bus (20/41 pax),
CT6,EXCURSION,CON_GUIA,CT619,Turismo El Puente S.A. (Transportista),1TEP01,BUE,Sprinter 19 pax,12.0,13.0,TR City 6hs Sprinter 19 (12/13 pax),
CT6,EXCURSION,CON_GUIA,CT624,Turismo El Puente S.A. (Transportista),1TEP01,BUE,Minibus,14.0,19.0,TR City 6hs Minibus 24 (14/19 pax),
CT6,EXCURSION,CON_GUIA,CT642,Turismo El Puente S.A. (Transportista),1TEP01,BUE,Bus,20.0,41.0,TR City 6hs Bus (20/41 pax),
CT8,EXCURSION,CON_GUIA,CT819,Turismo El Puente S.A. (Transportista),1TEP01,BUE,Sprinter 19 pax,12.0,13.0,TR City 8hs Sprinter 19 (12/13 pax),
CT8,EXCURSION,CON_GUIA,CT824,Turismo El Puente S.A. (Transportista),1TEP01,BUE,Minibus,14.0,19.0,TR City 8hs Minibus 24 (14/19 pax),
CT8,EXCURSION,CON_GUIA,CT842,Turismo El Puente S.A. (Transportista),1TEP01,BUE,Bus,20.0,41.0,TR City 8hs Bus (20/41 pax),
CT9,EXCURSION,CON_GUIA,CT919,Turismo El Puente S.A. (Transportista),1TEP01,BUE,Sprinter 19 pax,12.0,13.0,TR City 9hs Sprinter 19 (12/13 pax),
CT9,EXCURSION,CON_GUIA,CT924,Turismo El Puente S.A. (Transportista),1TEP01,BUE,Minibus,14.0,19.0,TR City 9hs Minibus 24 (14/19 pax),
CT9,EXCURSION,CON_GUIA,CT942,Turismo El Puente S.A. (Transportista),1TEP01,BUE,Bus,20.0,41.0,TR City 9hs Bus (20/41 pax),
DISEZE,EXCURSION,CON_GUIA,DISEZE,Turismo El Puente S.A. (Transportista),1TEP01,BUE,,,,Vh x Asig para Dispo Guia EZE,"SIN_PAX_PARSEADO,SIN_VEHICULO_PARSEADO"
DS,EXCURSION,CON_GUIA,DS19,Turismo El Puente S.A. (Transportista),1TEP01,BUE,Sprinter 19 pax,12.0,13.0,TR Dinner Show Sprinter 19 (12/13 pax),
DS,EXCURSION,CON_GUIA,DS24,Turismo El Puente S.A. (Transportista),1TEP01,BUE,Minibus,14.0,19.0,TR Dinner Show Minibus 24 (14/19 pax),
DS,EXCURSION,CON_GUIA,DS42,Turismo El Puente S.A. (Transportista),1TEP01,BUE,Bus,20.0,41.0,TR Dinner Show Bus (20/41 pax),
EZAE,TRASLADO,CON_GUIA,EZAE19,Turismo El Puente S.A. (Transportista),1TEP01,BUE,Sprinter 19 pax,5.0,11.0,TR EZE - AEP Sprinter 19 (5/11 pax),
EZAE,TRASLADO,CON_GUIA,EZAE24,Turismo El Puente S.A. (Transportista),1TEP01,BUE,Minibus,12.0,15.0,TR EZE - AEP Minibus 24 (12/15 pax),
EZAE,TRASLADO,CON_GUIA,EZAE42,Turismo El Puente S.A. (Transportista),1TEP01,BUE,Bus,16.0,41.0,TR EZE - AEP Bus (16/41 pax),
EZHT,TRASLADO,CON_GUIA,EZHT19,Turismo El Puente S.A. (Transportista),1TEP01,BUE,Sprinter 19 pax,5.0,11.0,TR EZE - HT Sprinter 19 (5/11 pax),
EZHT,TRASLADO,CON_GUIA,EZHT24,Turismo El Puente S.A. (Transportista),1TEP01,BUE,Minibus,12.0,15.0,TR EZE - HT Minibus 24 (12/15 pax),
EZHT,TRASLADO,CON_GUIA,EZHT42,Turismo El Puente S.A. (Transportista),1TEP01,BUE,Bus,16.0,41.0,TR EZE - HT Bus (16/41 pax),
FAR,EXCURSION,CON_GUIA,FAR19,Turismo El Puente S.A. (Transportista),1TEP01,BUE,Sprinter 19 pax,12.0,13.0,TR FD Areco/S.M. del Monte Sprinter 19 (12/13 pax),
FAR,EXCURSION,CON_GUIA,FAR24,Turismo El Puente S.A. (Transportista),1TEP01,BUE,Minibus,14.0,19.0,TR FD Areco/S.M. del Monte Minibus 24 (14/19 pax),
FAR,EXCURSION,CON_GUIA,FAR42,Turismo El Puente S.A. (Transportista),1TEP01,BUE,Bus,20.0,41.0,TR FD Areco/S.M. del Monte Bus (20/41 pax),
FSU,EXCURSION,CON_GUIA,FSU19,Turismo El Puente S.A. (Transportista),1TEP01,BUE,Sprinter 19 pax,12.0,13.0,TR FD S.Susana/FD Ea Vigil Sprinter 19 (12/13 pax),
FSU,EXCURSION,CON_GUIA,FSU24,Turismo El Puente S.A. (Transportista),1TEP01,BUE,Minibus,14.0,19.0,TR FD S.Susana/FD Ea Vigil Minibus 24 (14/19 pax),
FSU,EXCURSION,CON_GUIA,FSU42,Turismo El Puente S.A. (Transportista),1TEP01,BUE,Bus,20.0,41.0,TR FD S.Susana/FD Ea Vigil Bus (20/41 pax),
FTI,EXCURSION,CON_GUIA,FTI19,Turismo El Puente S.A. (Transportista),1TEP01,BUE,Sprinter 19 pax,12.0,13.0,TR FD Tigre Sprinter 19 (12/13 pax),
FTI,EXCURSION,CON_GUIA,FTI24,Turismo El Puente S.A. (Transportista),1TEP01,BUE,Minibus,14.0,19.0,TR FD Tigre Minibus 24 (14/19 pax),
FTI,EXCURSION,CON_GUIA,FTI42,Turismo El Puente S.A. (Transportista),1TEP01,BUE,Bus,20.0,41.0,TR FD Tigre Bus (20/41 pax),
HRD,EXCURSION,CON_GUIA,HRD19,Turismo El Puente S.A. (Transportista),1TEP01,BUE,Sprinter 19 pax,12.0,13.0,TR Hr Dispo (x10 km) Sprinter 19 (12/13 pax),
HRD,EXCURSION,CON_GUIA,HRD24,Turismo El Puente S.A. (Transportista),1TEP01,BUE,Minibus,14.0,19.0,TR Hr Dispo (x10 km) Minibus 24 (14/19 pax),
HRD3,EXCURSION,CON_GUIA,HRD319,Turismo El Puente S.A. (Transportista),1TEP01,BUE,Sprinter 19 pax,12.0,13.0,TR 3 Hrs Dispo (x10 km) Sprinter 19 (12/13 pax),COLISION_REVISAR
HRD3,EXCURSION,CON_GUIA,HRD324,Turismo El Puente S.A. (Transportista),1TEP01,BUE,Minibus,14.0,19.0,TR 3 Hrs Dispo (x10 km) Minibus 24 (14/19 pax),COLISION_REVISAR
HRD3,EXCURSION,CON_GUIA,HRD342,Turismo El Puente S.A. (Transportista),1TEP01,BUE,Bus,20.0,41.0,TR 3 Hrs Dispo (x10 km) Bus (20/41 pax),COLISION_REVISAR
HRD4,EXCURSION,CON_GUIA,HRD419,Turismo El Puente S.A. (Transportista),1TEP01,BUE,Sprinter 19 pax,12.0,13.0,TR 4 Hrs Dispo (x10 km) Sprinter 19 (12/13 pax),COLISION_REVISAR
HRD4,EXCURSION,CON_GUIA,HRD42,Turismo El Puente S.A. (Transportista),1TEP01,BUE,Bus,20.0,41.0,TR Hr Dispo (x10 km) Bus (20/41 pax),COLISION_REVISAR
HRD4,EXCURSION,CON_GUIA,HRD424,Turismo El Puente S.A. (Transportista),1TEP01,BUE,Minibus,14.0,19.0,TR 4 Hrs Dispo (x10 km) Minibus 24 (14/19 pax),COLISION_REVISAR
HRD4,EXCURSION,CON_GUIA,HRD442,Turismo El Puente S.A. (Transportista),1TEP01,BUE,Bus,20.0,41.0,TR 4 Hrs Dispo (x10 km) Bus (20/41 pax),COLISION_REVISAR
HRD5,EXCURSION,CON_GUIA,HRD519,Turismo El Puente S.A. (Transportista),1TEP01,BUE,Sprinter 19 pax,12.0,13.0,TR 5 Hrs Dispo (x10 km) Sprinter 19 (12/13 pax),COLISION_REVISAR
HRD5,EXCURSION,CON_GUIA,HRD524,Turismo El Puente S.A. (Transportista),1TEP01,BUE,Minibus,14.0,19.0,TR 5 Hrs Dispo (x10 km) Minibus 24 (14/19 pax),COLISION_REVISAR
HRD5,EXCURSION,CON_GUIA,HRD542,Turismo El Puente S.A. (Transportista),1TEP01,BUE,Bus,20.0,41.0,TR 5 Hrs Dispo (x10 km) Bus (20/41 pax),COLISION_REVISAR
HRE,EXCURSION,CON_GUIA,HRE19,Turismo El Puente S.A. (Transportista),1TEP01,BUE,Sprinter 19 pax,5.0,11.0,TR Hr Espera Sprinter 19 (5/11 pax),
HRE,EXCURSION,CON_GUIA,HRE24,Turismo El Puente S.A. (Transportista),1TEP01,BUE,Minibus,12.0,15.0,TR Hr Espera Minibus 24 (12/15 pax),
HRE,EXCURSION,CON_GUIA,HRE42,Turismo El Puente S.A. (Transportista),1TEP01,BUE,Bus,16.0,41.0,TR Hr Espera Bus (16/41 pax),
HTAE,TRASLADO,CON_GUIA,HTAE19,Turismo El Puente S.A. (Transportista),1TEP01,BUE,Sprinter 19 pax,5.0,11.0,TR HT - AEP Sprinter 19 (5/11 pax),
HTAE,TRASLADO,CON_GUIA,HTAE24,Turismo El Puente S.A. (Transportista),1TEP01,BUE,Minibus,12.0,15.0,TR HT - AEP Minibus 24 (12/15 pax),
HTAE,TRASLADO,CON_GUIA,HTAE42,Turismo El Puente S.A. (Transportista),1TEP01,BUE,Bus,16.0,41.0,TR HT - AEP Bus (16/41 pax),
HTCR,CRUCEROS_TRASLADO,CON_GUIA,HTCR19,Turismo El Puente S.A. (Transportista),1TEP01,BUE,Sprinter 19 pax,4.0,9.0,TR HT - Term Cruceros Sprinter 19 (4/9 pax),CRUCERO
HTCR,CRUCEROS_TRASLADO,CON_GUIA,HTCR24,Turismo El Puente S.A. (Transportista),1TEP01,BUE,Minibus,10.0,13.0,TR HT - Term Cruceros Minibus 24 (10/13 pax),CRUCERO
HTCR,CRUCEROS_TRASLADO,CON_GUIA,HTCR42,Turismo El Puente S.A. (Transportista),1TEP01,BUE,Bus,14.0,41.0,TR HT - Term Cruceros Bus (14/41 pax),CRUCERO
HTEZ,TRASLADO,CON_GUIA,HTEZ19,Turismo El Puente S.A. (Transportista),1TEP01,BUE,Sprinter 19 pax,5.0,11.0,TR HT - EZE Sprinter 19 (5/11 pax),
HTEZ,TRASLADO,CON_GUIA,HTEZ24,Turismo El Puente S.A. (Transportista),1TEP01,BUE,Minibus,12.0,15.0,TR HT - EZE Minibus 24 (12/15 pax),
HTEZ,TRASLADO,CON_GUIA,HTEZ42,Turismo El Puente S.A. (Transportista),1TEP01,BUE,Bus,16.0,41.0,TR HT - EZE Bus (16/41 pax),
HTHT,TRASLADO,CON_GUIA,HTHT19,Turismo El Puente S.A. (Transportista),1TEP01,BUE,Sprinter 19 pax,5.0,11.0,TR HT - HT Sprinter 19 (5/11 pax),
HTHT,TRASLADO,CON_GUIA,HTHT24,Turismo El Puente S.A. (Transportista),1TEP01,BUE,Sprinter 19 pax,14.0,19.0,TR HT - HT Sprinter 19 (14/19 pax),
HTI,EXCURSION,CON_GUIA,HTI19,Turismo El Puente S.A. (Transportista),1TEP01,BUE,Sprinter 19 pax,12.0,13.0,TR HD Tigre Sprinter 19 (12/13 pax),
HTI,EXCURSION,CON_GUIA,HTI24,Turismo El Puente S.A. (Transportista),1TEP01,BUE,Minibus,14.0,19.0,TR HD Tigre Minibus 24 (14/19 pax),
HTI,EXCURSION,CON_GUIA,HTI42,Turismo El Puente S.A. (Transportista),1TEP01,BUE,Bus,20.0,41.0,TR HD Tigre Bus (20/41 pax),
HTMP,EXCURSION,CON_GUIA,HTMP19,Turismo El Puente S.A. (Transportista),1TEP01,BUE,Sprinter 19 pax,12.0,13.0,TR HT - Meeting Point Sprinter 19 (12/13 pax),
HTMP,EXCURSION,CON_GUIA,HTMP24,Turismo El Puente S.A. (Transportista),1TEP01,BUE,Minibus,14.0,19.0,TR HT - Meeting Point Minibus 24 (14/19 pax),
HTMP,EXCURSION,CON_GUIA,HTMP42,Turismo El Puente S.A. (Transportista),1TEP01,BUE,Bus,20.0,41.0,TR HT - Meeting Point Bus (20/41 pax),
JAEE,JAPON,CON_GUIA,JAEE19,Turismo El Puente S.A. (Transportista),1TEP01,BUE,Sprinter 19 pax,1.0,5.0,TR AEP - EZE Sprinter 19 Japon (1/5 pax),JAPON
JAEE,JAPON,CON_GUIA,JAEE24,Turismo El Puente S.A. (Transportista),1TEP01,BUE,Minibus,6.0,14.0,TR AEP - EZE Minibus 24 Japon (6/14 pax),JAPON
JAEE,JAPON,CON_GUIA,JAEE42,Turismo El Puente S.A. (Transportista),1TEP01,BUE,Bus,15.0,40.0,TR AEP - EZE Bus Japon (15/40 pax),JAPON
JAEH,JAPON,CON_GUIA,JAEH19,Turismo El Puente S.A. (Transportista),1TEP01,BUE,Sprinter 19 pax,1.0,5.0,TR AEP - HT Sprinter 19 Japon (1/5 pax),JAPON
JAEH,JAPON,CON_GUIA,JAEH24,Turismo El Puente S.A. (Transportista),1TEP01,BUE,Minibus,6.0,14.0,TR AEP - HT Minibus 24 Japon (6/14 pax),JAPON
JAEH,JAPON,CON_GUIA,JAEH42,Turismo El Puente S.A. (Transportista),1TEP01,BUE,Bus,15.0,40.0,TR AEP - HT Bus Japon (15/40 pax),JAPON
JAHT,JAPON,CON_GUIA,JAHT24,Turismo El Puente S.A. (Transportista),1TEP01,BUE,Minibus,6.0,14.0,TR AEP/HTL - Terminal (Bus/Ferry) Japon Minibus (6/14 pax),JAPON
,JAPON,CON_GUIA,JCRE24,Turismo El Puente S.A. (Transportista),1TEP01,BUE,Minibus,6.0,14.0,TR Cruise Port - EZE Minibus 24 Japon (6/14 pax),"JAPON,SIN_MATCH"
JCT3,JAPON,CON_GUIA,JCT319,Turismo El Puente S.A. (Transportista),1TEP01,BUE,Sprinter 19 pax,1.0,5.0,TR City 3hs Sprinter 19 Japon (1/5 pax),JAPON
JCT3,JAPON,CON_GUIA,JCT324,Turismo El Puente S.A. (Transportista),1TEP01,BUE,,6.0,14.0,City 3hs - Japon (6/14 pax),"JAPON,SIN_VEHICULO_PARSEADO"
JCT3,JAPON,CON_GUIA,JCT342,Turismo El Puente S.A. (Transportista),1TEP01,BUE,Bus,15.0,40.0,TR City 3hs Bus Japon (15/40 pax),JAPON
JCT4,JAPON,CON_GUIA,JCT419,Turismo El Puente S.A. (Transportista),1TEP01,BUE,Sprinter 19 pax,1.0,5.0,TR City 4hs Sprinter 19 Japon (1/5 pax),JAPON
JCT4,JAPON,CON_GUIA,JCT424,Turismo El Puente S.A. (Transportista),1TEP01,BUE,Minibus,6.0,14.0,TR City 4hs Minibus 24 Japon (6/14 pax),JAPON
JCT4,JAPON,CON_GUIA,JCT442,Turismo El Puente S.A. (Transportista),1TEP01,BUE,Bus,15.0,40.0,TR City 4hs Bus Japon (15/40 pax),JAPON
JCT5,JAPON,CON_GUIA,JCT519,Turismo El Puente S.A. (Transportista),1TEP01,BUE,Sprinter 19 pax,1.0,5.0,TR City 5hs Sprinter 19 Japon (1/5 pax),JAPON
JCT5,JAPON,CON_GUIA,JCT524,Turismo El Puente S.A. (Transportista),1TEP01,BUE,Minibus,6.0,14.0,TR City 5hs Minibus 24 Japon (6/14 pax),JAPON
JCT5,JAPON,CON_GUIA,JCT542,Turismo El Puente S.A. (Transportista),1TEP01,BUE,Bus,15.0,40.0,TR City 5hs Bus Japon (15/40 pax),JAPON
JCT8,JAPON,CON_GUIA,JCT819,Turismo El Puente S.A. (Transportista),1TEP01,BUE,Sprinter 19 pax,1.0,5.0,TR City 8hs Sprinter 19 Japon (1/5 pax),JAPON
JCT8,JAPON,CON_GUIA,JCT824,Turismo El Puente S.A. (Transportista),1TEP01,BUE,Minibus,6.0,14.0,TR City 8hs Minibus 24 Japon (6/14 pax),JAPON
JCT8,JAPON,CON_GUIA,JCT842,Turismo El Puente S.A. (Transportista),1TEP01,BUE,Bus,15.0,40.0,TR City 8hs Bus Japon (15/40 pax),JAPON
JDS,JAPON,CON_GUIA,JDS19,Turismo El Puente S.A. (Transportista),1TEP01,BUE,Sprinter 19 pax,1.0,5.0,TR Dinner Show Sprinter 19 Japon (1/5 pax),JAPON
JDS,JAPON,CON_GUIA,JDS24,Turismo El Puente S.A. (Transportista),1TEP01,BUE,Minibus,6.0,14.0,TR Dinner Show Minibus 24 Japon (6/14 pax),JAPON
JDS,JAPON,CON_GUIA,JDS42,Turismo El Puente S.A. (Transportista),1TEP01,BUE,Bus,15.0,40.0,TR Dinner Show Bus Japon (15/40 pax),JAPON
JEZH,JAPON,CON_GUIA,JEZH19,Turismo El Puente S.A. (Transportista),1TEP01,BUE,Sprinter 19 pax,1.0,5.0,TR EZE - HT Sprinter 19 Japon (1/5 pax),JAPON
JEZH,JAPON,CON_GUIA,JEZH24,Turismo El Puente S.A. (Transportista),1TEP01,BUE,Minibus,6.0,14.0,TR EZE - HT Minibus 24 Japon (6/14 pax),JAPON
JEZH,JAPON,CON_GUIA,JEZH42,Turismo El Puente S.A. (Transportista),1TEP01,BUE,Bus,15.0,40.0,TR EZE - HT Bus Japon (15/40 pax),JAPON
JHAE,JAPON,CON_GUIA,JHAE19,Turismo El Puente S.A. (Transportista),1TEP01,BUE,Sprinter 19 pax,1.0,5.0,TR HT - AEP Sprinter 19 Japon (1/5 pax),JAPON
JHAE,JAPON,CON_GUIA,JHAE24,Turismo El Puente S.A. (Transportista),1TEP01,BUE,Minibus,6.0,14.0,TR HT - AEP Minibus 24 Japon (6/14 pax),JAPON
JHAE,JAPON,CON_GUIA,JHAE42,Turismo El Puente S.A. (Transportista),1TEP01,BUE,Bus,15.0,40.0,TR HT - AEP Bus Japon (15/40 pax),JAPON
JHCR,JAPON,CON_GUIA,JHCR24,Turismo El Puente S.A. (Transportista),1TEP01,BUE,Minibus,6.0,14.0,TR HT - Cruise Port Minibus 24 Japon (6/14 pax),JAPON
JHEZ,JAPON,CON_GUIA,JHEZ19,Turismo El Puente S.A. (Transportista),1TEP01,BUE,Sprinter 19 pax,1.0,5.0,TR HT - EZE Sprinter 19 Japon (1/5 pax),JAPON
JHEZ,JAPON,CON_GUIA,JHEZ24,Turismo El Puente S.A. (Transportista),1TEP01,BUE,Minibus,6.0,14.0,TR HT - EZE Minibus 24 Japon (6/14 pax),JAPON
JHEZ,JAPON,CON_GUIA,JHEZ42,Turismo El Puente S.A. (Transportista),1TEP01,BUE,Bus,15.0,40.0,TR HT - EZE Bus Japon (15/40 pax),JAPON
JHRD,JAPON,CON_GUIA,JHRD19,Turismo El Puente S.A. (Transportista),1TEP01,BUE,Sprinter 19 pax,1.0,5.0,TR Hr Dispo (x10 km) Sprinter 19 Japon (1/5 pax),JAPON
JHRD,JAPON,CON_GUIA,JHRD24,Turismo El Puente S.A. (Transportista),1TEP01,BUE,Minibus,6.0,14.0,TR Hr Dispo (x10 km) Minibus 24 Japon (6/14 pax),JAPON
JHRD,JAPON,CON_GUIA,JHRD42,Turismo El Puente S.A. (Transportista),1TEP01,BUE,Bus,15.0,40.0,TR Hr Dispo (x10 km) Bus Japon (15/40 pax),JAPON
JRE,JAPON,CON_GUIA,JRE19,Turismo El Puente S.A. (Transportista),1TEP01,BUE,Sprinter 19 pax,1.0,5.0,TR Resto Sprinter 19 Japon (1/5 pax),JAPON
JRE,JAPON,CON_GUIA,JRE24,Turismo El Puente S.A. (Transportista),1TEP01,BUE,Minibus,6.0,14.0,TR Resto Minibus 24 Japon (6/14 pax),JAPON
JRE,JAPON,CON_GUIA,JRE42,Turismo El Puente S.A. (Transportista),1TEP01,BUE,Bus,15.0,40.0,TR Resto Bus Japon (15/40 pax),JAPON
JSH,JAPON,CON_GUIA,JSH19,Turismo El Puente S.A. (Transportista),1TEP01,BUE,Sprinter 19 pax,1.0,5.0,TR Show Sprinter 19 Japon (1/5 pax),JAPON
JSH,JAPON,CON_GUIA,JSH24,Turismo El Puente S.A. (Transportista),1TEP01,BUE,Minibus,6.0,14.0,TR Show Minibus 24 Japon (6/14 pax),JAPON
JSH,JAPON,CON_GUIA,JSH42,Turismo El Puente S.A. (Transportista),1TEP01,BUE,Bus,15.0,40.0,TR Show Bus Japon (15/40 pax),JAPON
JTAH,JAPON,CON_GUIA,JTAH24,Turismo El Puente S.A. (Transportista),1TEP01,BUE,Minibus,6.0,14.0,TR Terminal (Bus/Ferry) - AEP/HTL Japon Minibus (6/14 pax),JAPON
,,,MINWAT,Turismo El Puente S.A. (Transportista),1TEP01,BUE,,,,Mineral Water,"NO_TRANSPORTE,SIN_MATCH"
MPHT,EXCURSION,CON_GUIA,MPHT19,Turismo El Puente S.A. (Transportista),1TEP01,BUE,Sprinter 19 pax,12.0,13.0,TR Meeting Point - HT Sprinter 19 (12/13 pax),
MPHT,EXCURSION,CON_GUIA,MPHT24,Turismo El Puente S.A. (Transportista),1TEP01,BUE,Minibus,12.0,15.0,TR Meeting Point - HT Minibus 24 (12/15 pax),
MPHT,EXCURSION,CON_GUIA,MPHT42,Turismo El Puente S.A. (Transportista),1TEP01,BUE,Bus,20.0,41.0,TR Meeting Point - HT Bus (20/41 pax),
NAEE,TRASLADO,SIN_GUIA,NAEE19,Turismo El Puente S.A. (Transportista),1TEP01,BUE,Sprinter 19 pax,5.0,11.0,TR AEP - EZE Sprinter 19 s/guia (5/11 pax),SIN_GUIA
NAEE,TRASLADO,SIN_GUIA,NAEE24,Turismo El Puente S.A. (Transportista),1TEP01,BUE,Minibus,14.0,19.0,TR AEP - EZE Minibus 24 s/guia (14/19 pax),SIN_GUIA
NAEH,TRASLADO,SIN_GUIA,NAEH19,Turismo El Puente S.A. (Transportista),1TEP01,BUE,Sprinter 19 pax,5.0,11.0,TR AEP - HT Sprinter 19 s/guia (5/11 pax),SIN_GUIA
NAEH,TRASLADO,SIN_GUIA,NAEH24,Turismo El Puente S.A. (Transportista),1TEP01,BUE,Minibus,14.0,19.0,TR AEP - HT Minibus 24 s/guia (14/19 pax),SIN_GUIA
NEZH,TRASLADO,SIN_GUIA,NEZH19,Turismo El Puente S.A. (Transportista),1TEP01,BUE,Sprinter 19 pax,5.0,11.0,TR EZE - HT Sprinter 19 s/guia (5/11 pax),SIN_GUIA
NEZH,TRASLADO,SIN_GUIA,NEZH24,Turismo El Puente S.A. (Transportista),1TEP01,BUE,Minibus,14.0,19.0,TR EZE - HT Minibus 24 s/guia (14/19 pax),SIN_GUIA
NHAE,TRASLADO,SIN_GUIA,NHAE19,Turismo El Puente S.A. (Transportista),1TEP01,BUE,Sprinter 19 pax,5.0,11.0,TR HT - AEP Sprinter 19 s/guia (5/11 pax),SIN_GUIA
NHAE,TRASLADO,SIN_GUIA,NHAE24,Turismo El Puente S.A. (Transportista),1TEP01,BUE,Minibus,14.0,19.0,TR HT - AEP Minibus 24 s/guia (14/19 pax),SIN_GUIA
NHEZ,TRASLADO,SIN_GUIA,NHEZ19,Turismo El Puente S.A. (Transportista),1TEP01,BUE,Sprinter 19 pax,5.0,11.0,TR HT - EZE Sprinter 19 s/guia (5/11 pax),SIN_GUIA
NHEZ,TRASLADO,SIN_GUIA,NHEZ24,Turismo El Puente S.A. (Transportista),1TEP01,BUE,Minibus,14.0,19.0,TR HT - EZE Minibus 24 s/guia (14/19 pax),SIN_GUIA
RE,TRASLADO,CON_GUIA,RE19,Turismo El Puente S.A. (Transportista),1TEP01,BUE,Sprinter 19 pax,12.0,13.0,TR Resto Sprinter 19 (12/13 pax),
RE,TRASLADO,CON_GUIA,RE24,Turismo El Puente S.A. (Transportista),1TEP01,BUE,Minibus,14.0,19.0,TR Resto Minibus 24 (14/19 pax),
RE,TRASLADO,CON_GUIA,RE42,Turismo El Puente S.A. (Transportista),1TEP01,BUE,Bus,20.0,41.0,TR Resto Bus (20/41 pax),
SH,TRASLADO,CON_GUIA,SH19,Turismo El Puente S.A. (Transportista),1TEP01,BUE,Sprinter 19 pax,12.0,13.0,TR Show Sprinter 19 (12/13 pax),
SH,TRASLADO,CON_GUIA,SH24,Turismo El Puente S.A. (Transportista),1TEP01,BUE,Minibus,14.0,19.0,TR Show Minibus 24 (14/19 pax),
SH,TRASLADO,CON_GUIA,SH42,Turismo El Puente S.A. (Transportista),1TEP01,BUE,Bus,20.0,41.0,TR Show Bus (20/41 pax),
TEAH,TRASLADO,CON_GUIA,TEAH19,Turismo El Puente S.A. (Transportista),1TEP01,BUE,Sprinter 19 pax,5.0,11.0,TR Terminal (Bus/Ferry) - AEP/HTL Sprinter 19 (5/11 pax),
TEAH,TRASLADO,CON_GUIA,TEAH24,Turismo El Puente S.A. (Transportista),1TEP01,BUE,Minibus,12.0,15.0,TR Terminal (Bus/Ferry) - AEP/HTL Minibus (12/15 pax),
TEAH,TRASLADO,CON_GUIA,TEAH42,Turismo El Puente S.A. (Transportista),1TEP01,BUE,Bus,16.0,41.0,TR Terminal (Bus/Ferry) - AEP/HTL Bus (16/41 pax),
,,,TRF19,Turismo El Puente S.A. (Transportista),1TEP01,BUE,,,,TR Generico Sprinter 19 (12/13 pax),"NO_TRANSPORTE,SIN_MATCH"
,,,TRF24,Turismo El Puente S.A. (Transportista),1TEP01,BUE,,,,TR Generico Minibus 24 (14/19 pax),"NO_TRANSPORTE,SIN_MATCH"
,,,TRF42,Turismo El Puente S.A. (Transportista),1TEP01,BUE,,,,TR Generico Bus (20/42 pax),"NO_TRANSPORTE,SIN_MATCH"
12EZ,TRASLADO,CON_GUIA,12EZAU,Houseman Cars (Transportista),6HOUS1,BUE,Auto,1.0,2.0,TR Ea h/120 km (Lob/Are/Chas) - EZE AUTO (1/2pax),
12HT,TRASLADO,CON_GUIA,12HTAU,Houseman Cars (Transportista),6HOUS1,BUE,Auto,1.0,2.0,TR Ea h/120 km (Lob/Are/Chas) - HT AUTO (1/2pax),
12TE,TRASLADO,CON_GUIA,12TEAU,Houseman Cars (Transportista),6HOUS1,BUE,Auto,1.0,2.0,TR Ea h/120k(Lob/Are/Chas)-Term(AEP/Ferry/Bus) AUTO(1/2 pax),
,,,700TRF,Houseman Cars (Transportista),6HOUS1,BUE,,,,Transfer,"NO_TRANSPORTE,SIN_MATCH"
AEEZ,TRASLADO,CON_GUIA,AEEZAU,Houseman Cars (Transportista),6HOUS1,BUE,Auto,1.0,2.0,TR AEP - EZE AUTO (1/2 pax),
AEHT,TRASLADO,CON_GUIA,AEHTAU,Houseman Cars (Transportista),6HOUS1,BUE,Auto,1.0,2.0,TR AEP - HT AUTO (1/2 pax),
AHTE,TRASLADO,CON_GUIA,AHTEAU,Houseman Cars (Transportista),6HOUS1,BUE,Auto,1.0,2.0,TR Terminal (Bus/Ferry) - AEP/HTL AUTO (1/2 pax),
CAEC,CRUCEROS_TRASLADO,CON_GUIA,CAECAU,Houseman Cars (Transportista),6HOUS1,BUE,Auto,1.0,1.0,TR AEP - Term Cruceros AUTO (1 pax),CRUCERO
CAEH,CRUCEROS_TRASLADO,CON_GUIA,CAEHAU,Houseman Cars (Transportista),6HOUS1,BUE,Auto,1.0,1.0,TR AEP - HT Crucero AUTO (1 pax),CRUCERO
CCRA,CRUCEROS_TRASLADO,CON_GUIA,CCRAAU,Houseman Cars (Transportista),6HOUS1,BUE,Auto,1.0,1.0,TR Term Cruceros - AEP AUTO (1 pax),CRUCERO
CEZH,CRUCEROS_TRASLADO,CON_GUIA,CEZHAU,Houseman Cars (Transportista),6HOUS1,BUE,Auto,1.0,1.0,TR EZE - HT Crucero AUTO (1 pax),CRUCERO
CHAE,CRUCEROS_TRASLADO,CON_GUIA,CHAEAU,Houseman Cars (Transportista),6HOUS1,BUE,Auto,1.0,1.0,TR HT - AEP Crucero AUTO (1 pax),CRUCERO
CHEZ,CRUCEROS_TRASLADO,CON_GUIA,CHEZAU,Houseman Cars (Transportista),6HOUS1,BUE,Auto,1.0,1.0,TR HT - EZE Crucero AUTO (1 pax),CRUCERO
CHRE,CRUCEROS_EXCURSION,CON_GUIA,CHREAU,Houseman Cars (Transportista),6HOUS1,BUE,Auto,1.0,1.0,TR Hr Espera Crucero AUTO (1 pax),CRUCERO
CREZ,CRUCEROS_TRASLADO,CON_GUIA,CREZAU,Houseman Cars (Transportista),6HOUS1,BUE,Auto,1.0,1.0,TR Term Cruceros - EZE AUTO (1 pax),CRUCERO
CRHT,CRUCEROS_TRASLADO,CON_GUIA,CRHTAU,Houseman Cars (Transportista),6HOUS1,BUE,Auto,1.0,1.0,TR Term Cruceros - HT AUTO (1 pax),CRUCERO
CT3,EXCURSION,CON_GUIA,CT3AU,Houseman Cars (Transportista),6HOUS1,BUE,Auto,1.0,2.0,TR City 3hs AUTO (1/2 pax),
CT4,EXCURSION,CON_GUIA,CT4AU,Houseman Cars (Transportista),6HOUS1,BUE,Auto,1.0,2.0,TR City 4hs AUTO (1/2 pax),
CT5,EXCURSION,CON_GUIA,CT5AU,Houseman Cars (Transportista),6HOUS1,BUE,Auto,1.0,2.0,TR City 5hs AUTO (1/2 pax),
CT6,EXCURSION,CON_GUIA,CT6AU,Houseman Cars (Transportista),6HOUS1,BUE,Auto,1.0,2.0,TR City 6hs AUTO (1/2 pax),
CT8,EXCURSION,CON_GUIA,CT8AU,Houseman Cars (Transportista),6HOUS1,BUE,Auto,1.0,2.0,TR City 8hs AUTO (1/2 pax),
DISAEP,EXCURSION,CON_GUIA,DISAEP,Houseman Cars (Transportista),6HOUS1,BUE,,,,Vh x Asig para Dispo Guia AEP,"SIN_PAX_PARSEADO,SIN_VEHICULO_PARSEADO"
DISEZE,EXCURSION,CON_GUIA,DISEZE,Houseman Cars (Transportista),6HOUS1,BUE,,,,Vh x Asig para Dispo Guia EZE,"SIN_PAX_PARSEADO,SIN_VEHICULO_PARSEADO"
DS,EXCURSION,CON_GUIA,DSAU,Houseman Cars (Transportista),6HOUS1,BUE,Auto,1.0,2.0,TR Dinner Show AUTO (1/2 pax),
EZ12,TRASLADO,CON_GUIA,EZ12AU,Houseman Cars (Transportista),6HOUS1,BUE,Auto,1.0,2.0,TR EZE - Ea h/120 km (Lob/Are/Chas) AUTO (1/2 pax),
EZAE,TRASLADO,CON_GUIA,EZAEAU,Houseman Cars (Transportista),6HOUS1,BUE,Auto,1.0,2.0,TR EZE - AEP AUTO (1/2 pax),
EZHT,TRASLADO,CON_GUIA,EZHTAU,Houseman Cars (Transportista),6HOUS1,BUE,Auto,1.0,2.0,TR EZE - HT AUTO (1/2 pax),
EZTE,TRASLADO,CON_GUIA,EZTEAU,Houseman Cars (Transportista),6HOUS1,BUE,Auto,1.0,2.0,TR EZE - Terminal (Bus/Ferry) AUTO (1/2 pax),
FAR,EXCURSION,CON_GUIA,FARAU,Houseman Cars (Transportista),6HOUS1,BUE,Auto,1.0,2.0,TR FD Areco/S.M. del Monte AUTO (1/2 pax),
FARC,EXCURSION,CON_GUIA,FARCAU,Houseman Cars (Transportista),6HOUS1,BUE,Auto,1.0,2.0,TR FD Areco con city AUTO (1/2 pax),COLISION_REVISAR
FSU,EXCURSION,CON_GUIA,FSUAU,Houseman Cars (Transportista),6HOUS1,BUE,Auto,1.0,2.0,TR FD S.Susana/FD Ea Vigil AUTO (1/2 pax),
FTI,EXCURSION,CON_GUIA,FTIAU,Houseman Cars (Transportista),6HOUS1,BUE,Auto,1.0,2.0,TR FD Tigre AUTO (1/2 pax),
HRD4,EXCURSION,CON_GUIA,HRD4AU,Houseman Cars (Transportista),6HOUS1,BUE,Auto,1.0,2.0,TR 4 Hrs Dispo (x10 km) AUTO (1/2 pax),COLISION_REVISAR
HRD,EXCURSION,CON_GUIA,HRDAU,Houseman Cars (Transportista),6HOUS1,BUE,Auto,1.0,2.0,TR Hr Dispo (x10 km) AUTO (1/2 pax),
HRE,EXCURSION,CON_GUIA,HREAU,Houseman Cars (Transportista),6HOUS1,BUE,Auto,1.0,2.0,TR Hr Espera AUTO (1/2 pax),
HT12,TRASLADO,CON_GUIA,HT12AU,Houseman Cars (Transportista),6HOUS1,BUE,Auto,1.0,2.0,TR HT - Ea h/120 km (Lob/Are/Chas) AUTO (1/2pax),
HTAE,TRASLADO,CON_GUIA,HTAEAU,Houseman Cars (Transportista),6HOUS1,BUE,Auto,1.0,2.0,TR HT - AEP AUTO (1/2 pax),
HTCR,CRUCEROS_TRASLADO,CON_GUIA,HTCRAU,Houseman Cars (Transportista),6HOUS1,BUE,Auto,1.0,1.0,TR HT - Term Cruceros AUTO (1 pax),CRUCERO
HTEZ,TRASLADO,CON_GUIA,HTEZAU,Houseman Cars (Transportista),6HOUS1,BUE,Auto,1.0,2.0,TR HT - EZE AUTO (1/2 pax),
HTHT,TRASLADO,CON_GUIA,HTHTAU,Houseman Cars (Transportista),6HOUS1,BUE,Auto,1.0,2.0,TR HT - HT AUTO (1/2 pax),
HTI,EXCURSION,CON_GUIA,HTIAU,Houseman Cars (Transportista),6HOUS1,BUE,Auto,1.0,2.0,TR HD Tigre AUTO (1/2 pax),
HTMP,EXCURSION,CON_GUIA,HTMPAU,Houseman Cars (Transportista),6HOUS1,BUE,Auto,1.0,2.0,TR HT - Meeting Point AUTO (1/2 pax),
MHAT,EXCURSION,CON_GUIA,MHATAU,Houseman Cars (Transportista),6HOUS1,BUE,Auto,1.0,2.0,TR Meeting Point - HT AUTO (1/2 pax),
,,,MINWAT,Houseman Cars (Transportista),6HOUS1,BUE,,,,Mineral Water,"NO_TRANSPORTE,SIN_MATCH"
MPHT,EXCURSION,CON_GUIA,MPHTAU,Houseman Cars (Transportista),6HOUS1,BUE,Auto,1.0,2.0,TR Meeting Point - HT AUTO (1/2 pax),
NAEE,TRASLADO,SIN_GUIA,NAEEAU,Houseman Cars (Transportista),6HOUS1,BUE,Auto,1.0,2.0,TR AEP - EZE Auto s/guia AUTO (1/2 pax),SIN_GUIA
NAEH,TRASLADO,SIN_GUIA,NAEHAU,Houseman Cars (Transportista),6HOUS1,BUE,Auto,1.0,2.0,TR AEP - HT s/guia AUTO (1/2 pax),SIN_GUIA
NEZA,TRASLADO,SIN_GUIA,NEZAAU,Houseman Cars (Transportista),6HOUS1,BUE,Auto,1.0,2.0,TR EZE - AEP s/guia AUTO (1/2 pax),SIN_GUIA
NEZH,TRASLADO,SIN_GUIA,NEZHAU,Houseman Cars (Transportista),6HOUS1,BUE,Auto,1.0,2.0,TR EZE - HT AUTO s/guia (1/2 pax),SIN_GUIA
NHAE,TRASLADO,SIN_GUIA,NHAEAU,Houseman Cars (Transportista),6HOUS1,BUE,Auto,1.0,2.0,TR HT - AEP Auto s/guia (1/2 pax),SIN_GUIA
NHEZ,TRASLADO,SIN_GUIA,NHEZAU,Houseman Cars (Transportista),6HOUS1,BUE,Auto,1.0,2.0,TR HT - EZE Auto s/guia (1/2 pax),SIN_GUIA
NHRE,TRASLADO,SIN_GUIA,NHREAU,Houseman Cars (Transportista),6HOUS1,BUE,Auto,1.0,2.0,TR Resto Auto s/guia (1/2 pax),SIN_GUIA
RE,TRASLADO,CON_GUIA,REAU,Houseman Cars (Transportista),6HOUS1,BUE,Auto,1.0,2.0,TR Resto AUTO (1/2 pax),
SH,TRASLADO,CON_GUIA,SHAU,Houseman Cars (Transportista),6HOUS1,BUE,Auto,1.0,2.0,TR Show AUTO (1/2 pax),
TE12,TRASLADO,CON_GUIA,TE12AU,Houseman Cars (Transportista),6HOUS1,BUE,Auto,1.0,2.0,TR Term(AEP/Ferry/Bus)-Ea h/120k(Lob/Are/Chas) AUTO (1/2pax),
TEAH,TRASLADO,CON_GUIA,TEAHAU,Houseman Cars (Transportista),6HOUS1,BUE,Auto,1.0,2.0,TR Terminal (Bus/Ferry) - AEP/HTL AUTO (1/2 pax),
TEEZ,TRASLADO,CON_GUIA,TEEZAU,Houseman Cars (Transportista),6HOUS1,BUE,Auto,1.0,2.0,TR Terminal (Bus/Ferry) - EZE AUTO (1/2 pax),
