Loc,Serv,Supplier,SupplierName,Code,Description,Comment,Used,Deleted,
BUE,TR,TRFPO,Transporte Por Asignar,12EZ,Vh x Asig Ea h/120km(Lob/Are/Chas) - EZE,,Y,N,
BUE,TR,TRFPO,Transporte Por Asignar,12HT,Vh x Asig Ea h/120km(Lob/Are/Chas) - HT,,Y,N,
BUE,TR,TRFPO,Transporte Por Asignar,12TE,Vh x Asig Ea h/120km(Lob/Are/Chas) - Term(AEP/Ferry/Bus),,Y,N,
BUE,TR,TRFPO,Transporte Por Asignar,70EZ,Vh x Asig Ea h/70km(Cañ/MaxPaz/VteCas) - EZE,,Y,N,
BUE,TR,TRFPO,Transporte Por Asignar,70HT,Vh x Asig Ea h/70km(Cañu/MaxPaz/VteCas) - HT,,Y,N,
BUE,TR,TRFPO,Transporte Por Asignar,70TE,Vh x Asig Ea h/70km(Cañ/MaxPaz/VteCas ) -Term(AEP-Ferry-Bus),,Y,N,
BUE,TR,TRFPO,Transporte Por Asignar,90EZ,Vh x Asig Ea h/90km(Brand/O.Door) - EZE,,Y,N,
BUE,TR,TRFPO,Transporte Por Asignar,90HT,Vh x Asig Ea h/90km(Brand/O.Door) - HT,,Y,N,
BUE,TR,TRFPO,Transporte Por Asignar,90TE,Vh x Asig Ea h/90km(Brand/O.Door) - Ter(AEP/Ferry/Bus),,Y,N,
BUE,TR,TRFPO,Transporte Por Asignar,AEEZ,Vh x Asig AEP - EZE,,Y,N,
BUE,TR,TRFPO,Transporte Por Asignar,AEEZSI,Vh x Asig AEP - EZE para SIB - valoriza al 50%,MT: AEEZ (c/ guia) - NAEE (s/guia),Y,N,
BUE,TR,TRFPO,Transporte Por Asignar,AEHT,Vh x Asig AEP - HT,MT: htl palermo = AEPA (solo si el prov tiene 2 tarifas),Y,N,
BUE,TR,TRFPO,Transporte Por Asignar,AEHTSI,Vh x Asig AEP - HT para SIB  - valoriza al 50%,MT: AEHT (c/ guia) - NAEH (s/ guia),Y,N,
BUE,TR,TRFPO,Transporte Por Asignar,AHTE,Vh x Asig AEP/HTL - Terminal (Bus/Ferry),,Y,N,
BUE,TR,TRFPO,Transporte Por Asignar,CAEC,Vh x Asig AEP - Term Cruceros,,Y,N,
BUE,TR,TRFPO,Transporte Por Asignar,CAEE,Vh x Asig AEP - EZE p/cruceros,,Y,N,
BUE,TR,TRFPO,Transporte Por Asignar,CAEH,Vh x Asig AE - HT o HT - HT p/cruceros,MT: htl palermo = CAEP (solo el prov tiene 2 tarifas),Y,N,
BUE,TR,TRFPO,Transporte Por Asignar,CCRA,Vh x Asig Term Cruceros - AEP,,Y,N,
BUE,TR,TRFPO,Transporte Por Asignar,CCT3,Vh x Asig City 3hs p/cruceros,,Y,N,
BUE,TR,TRFPO,Transporte Por Asignar,CCT4,Vh x Asig City 4hs p/cruceros,,Y,N,
BUE,TR,TRFPO,Transporte Por Asignar,CCT5,Vh x Asig City 5hs p/cruceros,,N,N,
BUE,TR,TRFPO,Transporte Por Asignar,CCT6,Vh x Asig City 6hs p/cruceros,,Y,N,
BUE,TR,TRFPO,Transporte Por Asignar,CDS,Vh x Asig Dinner Show p/crucero,,Y,N,
BUE,TR,TRFPO,Transporte Por Asignar,CEZA,Vh x Asig EZE - AEP p/cruceros,,Y,N,
BUE,TR,TRFPO,Transporte Por Asignar,CEZH,Vh x Asig EZE - HT p/cruceros,MT: htl Palermo = CEZP (solo si el prov tiene 2 tarifas),Y,N,
BUE,TR,TRFPO,Transporte Por Asignar,CFAR,Vh x Asig FD Areco Cruceros,,N,N,
BUE,TR,TRFPO,Transporte Por Asignar,CFSU,Vh x Asig FD S.Susana Cruceros,,Y,N,
BUE,TR,TRFPO,Transporte Por Asignar,CHAE,Vh x Asig HT - AEP o HT - HT p/cruceros,MT: htl Palermo = CPAE (solo si el prov tiene 2 tarifas),Y,N,
BUE,TR,TRFPO,Transporte Por Asignar,CHEZ,Vh x Asig HT - EZE p/cruceros,MT: htl Palermo = CPEZ (solo si el prov tiene 2 tarifas),Y,N,
BUE,TR,TRFPO,Transporte Por Asignar,CHRD,Vh x Asig Hr Dispo (x10 km) Cruceros,,Y,N,
BUE,TR,TRFPO,Transporte Por Asignar,CHRE,Vh x Asig Hr Espera p/cruceros,,Y,N,
BUE,TR,TRFPO,Transporte Por Asignar,CHTI,Vh x Asig HD Tigre Cruceros,,Y,N,
BUE,TR,TRFPO,Transporte Por Asignar,CREZ,Vh x Asig Term Cruceros - EZE,,Y,N,
BUE,TR,TRFPO,Transporte Por Asignar,CRHT,Vh x Asig Term Cruceros - HT,,Y,N,
BUE,TR,TRFPO,Transporte Por Asignar,CSH,Vh x Asig Solo Show cruceros,,Y,N,
BUE,TR,TRFPO,Transporte Por Asignar,CT3,Vh x Asig City 3hs,,Y,N,
BUE,TR,TRFPO,Transporte Por Asignar,CT3SIB,Vh x Asig City 3hs SIB,valoriza al 50%,Y,N,
BUE,TR,TRFPO,Transporte Por Asignar,CT4,Vh x Asig City 4hs,MT: htl Palermo = CT4P (solo si el prov tiene 2 tarifas),Y,N,
BUE,TR,TRFPO,Transporte Por Asignar,CT5,Vh x Asig City 5hs,,Y,N,
BUE,TR,TRFPO,Transporte Por Asignar,CT6,Vh x Asig City 6hs,,Y,N,
BUE,TR,TRFPO,Transporte Por Asignar,CT8,Vh x Asig City 8hs,,Y,N,
BUE,TR,TRFPO,Transporte Por Asignar,CT9,Vh x Asig City 9hs,,Y,N,
BUE,TR,TRFPO,Transporte Por Asignar,DISAEP,Vh x Asig para Dispo Guia AEP,,Y,N,
BUE,TR,TRFPO,Transporte Por Asignar,DISEZE,Vh x Asig para Dispo Guia EZE,,Y,N,
BUE,TR,TRFPO,Transporte Por Asignar,DS,Vh x Asig Dinner Show,MT: htl Palermo = DSP (solo si el prov tiene 2 tarifas),Y,N,
BUE,TR,TRFPO,Transporte Por Asignar,EZ12,Vh x Asig EZE - Ea h/120km(Lob/Are/Chas),,Y,N,
BUE,TR,TRFPO,Transporte Por Asignar,EZ70,Vh x Asig EZE - Ea h/70km(Cañ/MaxPaz/VteCas),,Y,N,
BUE,TR,TRFPO,Transporte Por Asignar,EZ90,Vh x Asig EZE - Ea h/90km(Brand/O.Door),,Y,N,
BUE,TR,TRFPO,Transporte Por Asignar,EZAE,Vh x Asig EZE - AEP,,Y,N,
BUE,TR,TRFPO,Transporte Por Asignar,EZCR,Vh x Asig EZE - Term Cruceros,,Y,N,
BUE,TR,TRFPO,Transporte Por Asignar,EZHT,Vh x Asig EZE - HT,MT: htl Palermo = EZPA (solo si el prov tiene 2 tarifas),Y,N,
BUE,TR,TRFPO,Transporte Por Asignar,EZHTSI,Vh x Asig EZE - HT para SIB  - valoriza al 50%,MT: EZHT (c/ guia) - NEZH (s/ guia),Y,N,
BUE,TR,TRFPO,Transporte Por Asignar,EZTE,Vh x Asig EZE - Terminal (Bus/Ferry),,Y,N,
BUE,TR,TRFPO,Transporte Por Asignar,FAR,Vh x Asig D´ía de Campo Areco / S. M. del Monte,,Y,N,
BUE,TR,TRFPO,Transporte Por Asignar,FARC,Vh x Asig FD Areco con city/FD Santa Susana con San Telmo,,Y,N,
BUE,TR,TRFPO,Transporte Por Asignar,FSU,Vh x Asig FD S.Susana/FD Ea. Vigil,,Y,N,
BUE,TR,TRFPO,Transporte Por Asignar,FTI,Vh x Asig FD Tigre,MT: htl Palermo = FTIP (solo si el prov tiene 2 tarifas),Y,N,
BUE,TR,TRFPO,Transporte Por Asignar,FTISIB,Vh x Asig FD Tigre SIB,valoriza 0 - se absorbe el costo de TRDE,Y,N,
BUE,TR,TRFPO,Transporte Por Asignar,HRD,Vh x Asig Hr Dispo (x10 km),,Y,N,
BUE,TR,TRFPO,Transporte Por Asignar,HRD3,Vh x Asig Hr Dispo x3 (x10 km),,Y,N,
BUE,TR,TRFPO,Transporte Por Asignar,HRD4,Vh x Asig Hr Dispo x4 (x10 km),,Y,N,
BUE,TR,TRFPO,Transporte Por Asignar,HRD5,Vh x Asig Hr Dispo x5 (x10 km),,Y,N,
BUE,TR,TRFPO,Transporte Por Asignar,HRE,Vh x Asig Asig Hr Espera,,Y,N,
BUE,TR,TRFPO,Transporte Por Asignar,HT12,Vh x Asig HT - Ea h/120km(Lob/Are/Chas),,Y,N,
BUE,TR,TRFPO,Transporte Por Asignar,HT70,Vh x Asig HT - Ea h/70km(Cañu/MaxPaz/VteCas),,Y,N,
BUE,TR,TRFPO,Transporte Por Asignar,HT90,Vh x Asig HT - Ea h/90km(Brand/O.Door),,Y,N,
BUE,TR,TRFPO,Transporte Por Asignar,HTAE,Vh x Asig HT - AEP,MT: htl Palermo = PAAE (solo si el prov tiene 2 tarifas),Y,N,
BUE,TR,TRFPO,Transporte Por Asignar,HTAESI,Vh x Asig HT - AEP para SIB - valoriza al 50%,MT: HTAE (c/ guia) - NHAE (s/ guia),Y,N,
BUE,TR,TRFPO,Transporte Por Asignar,HTCR,Vh x Asig HT - Term Cruceros,,Y,N,
BUE,TR,TRFPO,Transporte Por Asignar,HTEZ,Vh x Asig HT - EZE,MT: htl Palermo = PAEZ (solo si el prov tiene 2 tarifas),Y,N,
BUE,TR,TRFPO,Transporte Por Asignar,HTHT,Vh x Asig Trf HT - HT,,Y,N,
BUE,TR,TRFPO,Transporte Por Asignar,HTI,Vh x Asig HD Tigre,MT: htl Palermo = HTIP (solo si el prov tiene 2 tarifas),Y,N,
BUE,TR,TRFPO,Transporte Por Asignar,HTISIB,Vh x Asig HD Tigre SIB,valoriza 0 - se absorbe el costo de TRDE,Y,N,
BUE,TR,TRFPO,Transporte Por Asignar,HTMP,Vh x Asig HT - Meeting Point,,Y,N,
BUE,TR,TRFPO,Transporte Por Asignar,JAEE,Vh x Asig AEP - EZE Japon,,Y,N,
BUE,TR,TRFPO,Transporte Por Asignar,JAEH,Vh x Asig AEP - HT Japon,,Y,N,
BUE,TR,TRFPO,Transporte Por Asignar,JAHT,Vh x Asig AEP/HTL - Terminal (Bus/Ferry) Japon,,Y,N,
BUE,TR,TRFPO,Transporte Por Asignar,JCREZ,Vh x Asig Cruise Port - EZE Japon,,Y,N,
BUE,TR,TRFPO,Transporte Por Asignar,JCT3,Vh x Asig City 3hs Japon,,Y,N,
BUE,TR,TRFPO,Transporte Por Asignar,JCT4,Vh x Asig City 4hs Japon,,Y,N,
BUE,TR,TRFPO,Transporte Por Asignar,JCT5,Vh x Asig City 5hs Japon,,Y,N,
BUE,TR,TRFPO,Transporte Por Asignar,JCT6,Vh x Asig City 6hs Japon,,Y,N,
BUE,TR,TRFPO,Transporte Por Asignar,JCT8,Vh x Asig City 8hs Japon,,Y,N,
BUE,TR,TRFPO,Transporte Por Asignar,JDS,Vh x Asig Dinner Show Japon,,Y,N,
BUE,TR,TRFPO,Transporte Por Asignar,JEZA,Vh x Asig EZE - AEP Japon,,Y,N,
BUE,TR,TRFPO,Transporte Por Asignar,JEZCR,Vh x Asig EZE - Cruise Port Japon,,Y,N,
BUE,TR,TRFPO,Transporte Por Asignar,JEZH,Vh x Asig EZE - HT Japon,,Y,N,
BUE,TR,TRFPO,Transporte Por Asignar,JEZT,Vh x Asig EZE - Terminal (Bus/Ferry) Japon,,Y,N,
BUE,TR,TRFPO,Transporte Por Asignar,JFAR,Vh x Asig FD S.Areco,,Y,N,
BUE,TR,TRFPO,Transporte Por Asignar,JFSU,Vh x Asig FD S.Susana,,Y,N,
BUE,TR,TRFPO,Transporte Por Asignar,JFTI,Vh x Asig FD Tigre Japon,,Y,N,
BUE,TR,TRFPO,Transporte Por Asignar,JHAE,Vh x Asig HT - AEP Japon,,Y,N,
BUE,TR,TRFPO,Transporte Por Asignar,JHCR,Vh x Asig HT - Cruise Port Japon,,Y,N,
BUE,TR,TRFPO,Transporte Por Asignar,JHEZ,Vh x Asig HT - EZE Japon,,Y,N,
BUE,TR,TRFPO,Transporte Por Asignar,JHRD,Vh x Asig Hr Dispo (x10 km) Japon,,Y,N,
BUE,TR,TRFPO,Transporte Por Asignar,JHTI,Vh x Asig HD Tigre Japon,,Y,N,
BUE,TR,TRFPO,Transporte Por Asignar,JRE,Vh x Asig Trf Resto,,Y,N,
BUE,TR,TRFPO,Transporte Por Asignar,JSH,Vh x Asig Solo Show Japon,,Y,N,
BUE,TR,TRFPO,Transporte Por Asignar,JTAH,Vh x Asig Terminal (Bus/Ferry) - AEP/HTL Japon,,Y,N,
BUE,TR,TRFPO,Transporte Por Asignar,JTEZ,Vh x Asig Terminal (Bus/Ferry) - EZE Japon,,Y,N,
BUE,TR,TRFPO,Transporte Por Asignar,MHAT,Vh x Asig Meeting Point - HT,para Autentic Tour,Y,N,
BUE,TR,TRFPO,Transporte Por Asignar,MPHT,Vh x Asig Meeting Point - HT,,Y,N,
BUE,TR,TRFPO,Transporte Por Asignar,NAEE,Vh x Asig AEP - EZE s/guia,,Y,N,
BUE,TR,TRFPO,Transporte Por Asignar,NAEH,Vh x Asig AEP - HT s/guia,MT: htl Palermo = NAEP (solo si el prov tiene 2 tarifas),Y,N,
BUE,TR,TRFPO,Transporte Por Asignar,NEZA,Vh x Asig EZE - AEP s/guia,,Y,N,
BUE,TR,TRFPO,Transporte Por Asignar,NEZH,Vh x Asig EZE - HT s/guia,MT: htl Palermo = NEZP (solo si el prov tiene 2 tarifas),Y,N,
BUE,TR,TRFPO,Transporte Por Asignar,NHAE,Vh x Asig HT - AEP s/guia,MT: htl Palermo = NPAE (solo si el prov tiene 2 tarifas),Y,N,
BUE,TR,TRFPO,Transporte Por Asignar,NHEZ,Vh x Asig HT - EZE s/guia,MT: htl Palermo = NPEZ (solo si el prov tiene 2 tarifas),Y,N,
BUE,TR,TRFPO,Transporte Por Asignar,NHRE,Vh x Asig Trf Resto s/guia,,Y,N,
BUE,TR,TRFPO,Transporte Por Asignar,RE,Vh x Asig Trf Resto,,Y,N,
BUE,TR,TRFPO,Transporte Por Asignar,SH,Vh x Asig Solo Show,,Y,N,
BUE,TR,TRFPO,Transporte Por Asignar,TE12,Vh x Asig Term(AEP/Ferry/Bus) - Ea h/120km(Lob/Are/Chas),,Y,N,
BUE,TR,TRFPO,Transporte Por Asignar,TE70,Vh x Asig Term(AEP/Ferry/Bus) - Ea h/70km(Cañ/MaxPaz/VteCas),,Y,N,
BUE,TR,TRFPO,Transporte Por Asignar,TE90,Vh x Asig Term(AEP/Ferry/Bus) - Ea h/90km(Brand/O.Door),,Y,N,
BUE,TR,TRFPO,Transporte Por Asignar,TEAH,Vh x Asig Terminal (Bus/Ferry) - AEP/HTL,,Y,N,
BUE,TR,TRFPO,Transporte Por Asignar,TEEZ,Vh x Asig Terminal (Bus/Ferry) - EZE,,Y,N,
