LOCATION,CATEGORIA,VEHICULO,GUIA,PAX_DESDE,PAX_HASTA
BUE,EXCURSION,Auto,CON_GUIA,1,2
BUE,EXCURSION,Auto,SIN_GUIA,1,2
BUE,EXCURSION,H1/VITO,CON_GUIA,3,4
BUE,EXCURSION,H1/VITO,SIN_GUIA,3,5
BUE,EXCURSION,Sprinter 15 pax,CON_GUIA,5,11
BUE,EXCURSION,Sprinter 15 pax,SIN_GUIA,6,11
BUE,EXCURSION,Sprinter 19 pax,CON_GUIA,12,13
BUE,EXCURSION,Minibus,CON_GUIA,14,19
BUE,EXCURSION,Bus,CON_GUIA,20,41
BUE,TRASLADO,Auto,CON_GUIA,1,2
BUE,TRASLADO,Auto,SIN_GUIA,1,2
BUE,TRASLADO,H1/VITO,CON_GUIA,3,4
BUE,TRASLADO,H1/VITO,SIN_GUIA,3,4
BUE,TRASLADO,Sprinter 19 pax,CON_GUIA,5,11
BUE,TRASLADO,Sprinter 19 pax,SIN_GUIA,5,11
BUE,TRASLADO,Minibus,CON_GUIA,12,15
BUE,TRASLADO,Bus,CON_GUIA,16,35
BUE,TRASLADO,Bus + VH para equipaje,CON_GUIA,36,41
BUE,JAPON,Auto,CON_GUIA,1,2
BUE,JAPON,H1/VITO,CON_GUIA,3,3
BUE,JAPON,Sprinter 19 pax,CON_GUIA,4,5
BUE,JAPON,Minibus,CON_GUIA,6,14
BUE,JAPON,Bus,CON_GUIA,15,38
BUE,CRUCEROS_EXCURSION,Auto,CON_GUIA,1,1
BUE,CRUCEROS_EXCURSION,Auto,SIN_GUIA,1,1
BUE,CRUCEROS_EXCURSION,H1/VITO,CON_GUIA,2,3
BUE,CRUCEROS_EXCURSION,H1/VITO,SIN_GUIA,2,3
BUE,CRUCEROS_EXCURSION,Sprinter 15 pax,CON_GUIA,4,6
BUE,CRUCEROS_EXCURSION,Sprinter 15 pax,SIN_GUIA,4,6
BUE,CRUCEROS_EXCURSION,Sprinter 19 pax,CON_GUIA,7,9
BUE,CRUCEROS_EXCURSION,Sprinter 19 pax,SIN_GUIA,7,9
BUE,CRUCEROS_EXCURSION,Minibus,CON_GUIA,10,13
BUE,CRUCEROS_EXCURSION,Minibus,SIN_GUIA,10,11
BUE,CRUCEROS_EXCURSION,Bus,CON_GUIA,14,25
BUE,CRUCEROS_EXCURSION,Bus + Van para equipaje,CON_GUIA,26,41
BUE,CRUCEROS_TRASLADO,Auto,CON_GUIA,1,1
BUE,CRUCEROS_TRASLADO,Auto,SIN_GUIA,1,1
BUE,CRUCEROS_TRASLADO,H1/VITO,CON_GUIA,2,3
BUE,CRUCEROS_TRASLADO,H1/VITO,SIN_GUIA,2,3
BUE,CRUCEROS_TRASLADO,Sprinter 19 pax,CON_GUIA,4,9
BUE,CRUCEROS_TRASLADO,Sprinter 19 pax,SIN_GUIA,4,9
BUE,CRUCEROS_TRASLADO,Minibus,CON_GUIA,10,13
BUE,CRUCEROS_TRASLADO,Minibus,SIN_GUIA,10,11
BUE,CRUCEROS_TRASLADO,Bus,CON_GUIA,14,25
BUE,CRUCEROS_TRASLADO,Bus + VH para equipaje,CON_GUIA,26,41
FTE,EXCURSION,Auto,CON_GUIA,1,2
FTE,EXCURSION,Auto,SIN_GUIA,1,2
FTE,EXCURSION,Doble Traccion (DT),CON_GUIA,1,2
FTE,EXCURSION,Doble Traccion (DT),SIN_GUIA,1,2
FTE,EXCURSION,H1/VITO,CON_GUIA,3,4
FTE,EXCURSION,H1/VITO,SIN_GUIA,3,4
FTE,EXCURSION,Sprinter 15 pax,CON_GUIA,5,11
FTE,EXCURSION,Sprinter 15 pax,SIN_GUIA,5,11
FTE,EXCURSION,Sprinter 19 pax,CON_GUIA,12,13
FTE,EXCURSION,Sprinter 19 pax,SIN_GUIA,12,13
FTE,EXCURSION,Minibus,CON_GUIA,14,19
FTE,EXCURSION,Minibus,SIN_GUIA,14,19
FTE,EXCURSION,Bus,CON_GUIA,20,41
FTE,EXCURSION,Bus,SIN_GUIA,20,41
FTE,TRASLADO,Auto,CON_GUIA,1,2
FTE,TRASLADO,Auto,SIN_GUIA,1,2
FTE,TRASLADO,Doble Traccion (DT),CON_GUIA,1,2
FTE,TRASLADO,Doble Traccion (DT),SIN_GUIA,1,2
FTE,TRASLADO,H1/VITO,CON_GUIA,3,4
FTE,TRASLADO,H1/VITO,SIN_GUIA,3,4
FTE,TRASLADO,Sprinter 15 pax,CON_GUIA,5,6
FTE,TRASLADO,Sprinter 15 pax,SIN_GUIA,5,6
FTE,TRASLADO,Sprinter 19 pax,CON_GUIA,7,11
FTE,TRASLADO,Sprinter 19 pax,SIN_GUIA,7,11
FTE,TRASLADO,Minibus,CON_GUIA,12,15
FTE,TRASLADO,Minibus,SIN_GUIA,12,15
FTE,TRASLADO,Bus,CON_GUIA,16,41
FTE,TRASLADO,Bus,SIN_GUIA,16,41
FTE,JAPON,Auto,CON_GUIA,1,2
FTE,JAPON,H1/VITO,CON_GUIA,3,3
FTE,JAPON,Sprinter 19 pax,CON_GUIA,4,5
FTE,JAPON,Minibus,CON_GUIA,6,14
FTE,JAPON,Bus,CON_GUIA,15,38
USH,EXCURSION,Auto,CON_GUIA,1,2
USH,EXCURSION,Auto,SIN_GUIA,1,2
USH,EXCURSION,Doble Traccion (DT),CON_GUIA,1,2
USH,EXCURSION,Doble Traccion (DT),SIN_GUIA,1,2
USH,EXCURSION,H1/VITO,CON_GUIA,3,4
USH,EXCURSION,H1/VITO,SIN_GUIA,3,4
USH,EXCURSION,Hi Ace/Van 12 pax,CON_GUIA,5,8
USH,EXCURSION,Hi Ace/Van 12 pax,SIN_GUIA,5,8
USH,EXCURSION,Sprinter 15 pax,CON_GUIA,5,11
USH,EXCURSION,Sprinter 15 pax,SIN_GUIA,5,11
USH,EXCURSION,Sprinter 19 pax,CON_GUIA,12,13
USH,EXCURSION,Sprinter 19 pax,SIN_GUIA,12,13
USH,EXCURSION,Minibus,CON_GUIA,14,19
USH,EXCURSION,Minibus,SIN_GUIA,14,19
USH,EXCURSION,Bus,CON_GUIA,20,42
USH,EXCURSION,Bus,SIN_GUIA,20,42
USH,TRASLADO,Auto,CON_GUIA,1,2
USH,TRASLADO,Auto,SIN_GUIA,1,2
USH,TRASLADO,Doble Traccion (DT),CON_GUIA,1,2
USH,TRASLADO,Doble Traccion (DT),SIN_GUIA,1,2
USH,TRASLADO,H1/VITO,CON_GUIA,3,4
USH,TRASLADO,H1/VITO,SIN_GUIA,3,4
USH,TRASLADO,Hi Ace/Van 12 pax,CON_GUIA,5,6
USH,TRASLADO,Hi Ace/Van 12 pax,SIN_GUIA,5,6
USH,TRASLADO,Sprinter 15 pax,CON_GUIA,5,6
USH,TRASLADO,Sprinter 15 pax,SIN_GUIA,5,6
USH,TRASLADO,Sprinter 19 pax,CON_GUIA,7,11
USH,TRASLADO,Sprinter 19 pax,SIN_GUIA,7,11
USH,TRASLADO,Minibus,CON_GUIA,12,15
USH,TRASLADO,Minibus,SIN_GUIA,12,15
USH,TRASLADO,Bus,CON_GUIA,16,41
USH,TRASLADO,Bus,SIN_GUIA,16,41
USH,JAPON,Auto,CON_GUIA,1,2
USH,JAPON,H1/VITO,CON_GUIA,3,3
USH,JAPON,Sprinter 19 pax,CON_GUIA,4,5
USH,JAPON,Minibus,CON_GUIA,6,14
USH,JAPON,Bus,CON_GUIA,15,38
